{
	"$schema": "http://schema.management.azure.com/schemas/2015-01-01/deploymentTemplate.json#",
	"contentVersion": "1.0.0.0",
	"parameters": {
		"factoryName": {
			"type": "string",
			"metadata": "Data Factory name"
		},
		"XLR Databricks 2": {
			"type": "string"
		},
		"EDAV_DataLake_Gen2": {
			"type": "string"
		}
	},
	"variables": {
		"factoryId": "[concat('Microsoft.DataFactory/factories/', parameters('factoryName'))]"
	},
	"resources": [
		{
			"name": "[concat(parameters('factoryName'), '/Load MMGs')]",
			"type": "Microsoft.DataFactory/factories/pipelines",
			"apiVersion": "2018-06-01",
			"properties": {
				"activities": [
					{
						"name": "LoadConfig",
						"type": "Lookup",
						"dependsOn": [],
						"policy": {
							"timeout": "7.00:00:00",
							"retry": 0,
							"retryIntervalInSeconds": 30,
							"secureOutput": false,
							"secureInput": false
						},
						"userProperties": [],
						"typeProperties": {
							"source": {
								"type": "JsonSource",
								"storeSettings": {
									"type": "AzureBlobFSReadSettings",
									"recursive": true,
									"enablePartitionDiscovery": false
								},
								"formatSettings": {
									"type": "JsonReadSettings"
								}
							},
							"dataset": {
								"referenceName": "ConfigFile5",
								"type": "DatasetReference"
							}
						}
					},
					{
						"name": "Load MMGs",
						"type": "DatabricksNotebook",
						"dependsOn": [
							{
								"activity": "LoadConfig",
								"dependencyConditions": [
									"Succeeded"
								]
							}
						],
						"policy": {
							"timeout": "7.00:00:00",
							"retry": 0,
							"retryIntervalInSeconds": 30,
							"secureOutput": false,
							"secureInput": false
						},
						"userProperties": [],
						"typeProperties": {
							"notebookPath": {
								"value": "/Repos/@{activity('LoadConfig').output.firstRow.dbx_repo_folder}/xlr-cs-pipeline/ADFEntryPoints/runLoadMMGpipeline",
								"type": "Expression"
							},
							"baseParameters": {
								"mmgFolder": {
									"value": "@{activity('LoadConfig').output.firstRow.mmg_folder}",
									"type": "Expression"
								},
								"dbName": {
									"value": "@{activity('LoadConfig').output.firstRow.database_name}",
									"type": "Expression"
								}
							}
						},
						"linkedServiceName": {
							"referenceName": "[parameters('XLR Databricks 2')]",
							"type": "LinkedServiceReference"
						}
					},
					{
						"name": "Send Notification",
						"type": "ExecutePipeline",
						"dependsOn": [
							{
								"activity": "Set Error Message Config",
								"dependencyConditions": [
									"Succeeded"
								]
							},
							{
								"activity": "Set Error message MMGs",
								"dependencyConditions": [
									"Succeeded"
								]
							}
						],
						"userProperties": [],
						"typeProperties": {
							"pipeline": {
								"referenceName": "SendEmailJobNotification",
								"type": "PipelineReference"
							},
							"waitOnCompletion": true,
							"parameters": {
								"EmailTo": {
									"value": "@variables('emailDL')",
									"type": "Expression"
								},
								"Activity": "Failed",
								"ErrorMessage": {
									"value": "@variables('errorMessage')",
									"type": "Expression"
								},
								"pipelineName": {
									"value": "@pipeline().Pipeline",
									"type": "Expression"
								}
							}
						}
					},
					{
						"name": "Set Error Message Config",
						"type": "SetVariable",
						"dependsOn": [
							{
								"activity": "LoadConfig",
								"dependencyConditions": [
									"Failed"
								]
							}
						],
						"userProperties": [],
						"typeProperties": {
							"variableName": "errorMessage",
							"value": {
								"value": "@activity('LoadConfig').Error.Message",
								"type": "Expression"
							}
						}
					},
					{
						"name": "Set Error message MMGs",
						"type": "SetVariable",
						"dependsOn": [
							{
								"activity": "SetEmailDL",
								"dependencyConditions": [
									"Succeeded"
								]
							}
						],
						"userProperties": [],
						"typeProperties": {
							"variableName": "errorMessage",
							"value": {
								"value": "@activity('Load MMGs').Error.Message",
								"type": "Expression"
							}
						}
					},
					{
						"name": "SetEmailDL",
						"type": "SetVariable",
						"dependsOn": [
							{
								"activity": "Load MMGs",
								"dependencyConditions": [
									"Failed"
								]
							}
						],
						"userProperties": [],
						"typeProperties": {
							"variableName": "emailDL",
							"value": {
								"value": "@{activity('LoadConfig').output.firstRow.notitfication_dl}",
								"type": "Expression"
							}
						}
					}
				],
				"parameters": {
					"containerName": {
						"type": "string",
						"defaultValue": "foodnet"
					}
				},
				"variables": {
					"errorMessage": {
						"type": "String",
						"defaultValue": "\"\""
					},
					"emailDL": {
						"type": "String",
						"defaultValue": "\"mcq1@cdc.gov\""
					}
				},
				"folder": {
					"name": "Templates"
				},
				"annotations": []
			},
			"dependsOn": [
				"[concat(variables('factoryId'), '/datasets/ConfigFile5')]",
				"[concat(variables('factoryId'), '/pipelines/SendEmailJobNotification')]"
			]
		},
		{
			"name": "[concat(parameters('factoryName'), '/ConfigFile5')]",
			"type": "Microsoft.DataFactory/factories/datasets",
			"apiVersion": "2018-06-01",
			"properties": {
				"linkedServiceName": {
					"referenceName": "[parameters('EDAV_DataLake_Gen2')]",
					"type": "LinkedServiceReference"
				},
				"annotations": [],
				"type": "Json",
				"typeProperties": {
					"location": {
						"type": "AzureBlobFSLocation",
						"fileName": "config.json",
						"folderPath": "/config/",
						"fileSystem": {
							"value": "@pipeline().parameters.containerName",
							"type": "Expression"
						}
					}
				},
				"schema": {
					"type": "object",
					"properties": {
						"repoFolder": {
							"type": "string"
						},
						"dbName": {
							"type": "string"
						},
						"table_prefix": {
							"type": "string"
						},
						"ingressFolder": {
							"type": "string"
						},
						"mntDelta": {
							"type": "string"
						}
					}
				}
			},
			"dependsOn": []
		},
		{
			"name": "[concat(parameters('factoryName'), '/SendEmailJobNotification')]",
			"type": "Microsoft.DataFactory/factories/pipelines",
			"apiVersion": "2018-06-01",
			"properties": {
				"activities": [
					{
						"name": "XLR Email Notification",
						"type": "WebActivity",
						"dependsOn": [],
						"policy": {
							"timeout": "7.00:00:00",
							"retry": 0,
							"retryIntervalInSeconds": 30,
							"secureOutput": false,
							"secureInput": false
						},
						"userProperties": [],
						"typeProperties": {
							"url": "https://prod-02.eastus.logic.azure.com:443/workflows/ca0c663d309d4ee78cc993e7dd837b2c/triggers/manual/paths/invoke?api-version=2016-10-01&sp=%2Ftriggers%2Fmanual%2Frun&sv=1.0&sig=nYmyg7e44FWtqi_LohbvA56Bu_ZxQtx8hbmyRlEULcE",
							"connectVia": {
								"referenceName": "IntProxy",
								"type": "IntegrationRuntimeReference"
							},
							"method": "POST",
							"headers": {
								"Content-Type": "application/Json"
							},
							"body": {
								"EmailTo": "@{pipeline().parameters.EmailTo}",
								"Subject": "Azure XLR Notification : @{pipeline().parameters.PipelineName} : @{pipeline().parameters.Activity}",
								"DataFactoryName": "@{pipeline().DataFactory}",
								"PipelineName": "@{pipeline().parameters.PipelineName}",
								"Activity": "@{pipeline().parameters.Activity}",
								"ErrorMessage": "@{pipeline().parameters.ErrorMessage}"
							}
						}
					}
				],
				"parameters": {
					"EmailTo": {
						"type": "string"
					},
					"Activity": {
						"type": "string"
					},
					"ErrorMessage": {
						"type": "string"
					},
					"pipelineName": {
						"type": "string"
					}
				},
				"annotations": []
			},
			"dependsOn": []
		}
	]
}