{
	"$schema": "http://schema.management.azure.com/schemas/2015-01-01/deploymentTemplate.json#",
	"contentVersion": "1.0.0.0",
	"parameters": {
		"factoryName": {
			"type": "string",
			"metadata": "Data Factory name"
		},
		"XLR Databricks 2": {
			"type": "string"
		},
		"EDAV_DataLake_Gen2": {
			"type": "string"
		}
	},
	"variables": {
		"factoryId": "[concat('Microsoft.DataFactory/factories/', parameters('factoryName'))]"
	},
	"resources": [
		{
			"name": "[concat(parameters('factoryName'), '/run_bronze_hl7')]",
			"type": "Microsoft.DataFactory/factories/pipelines",
			"apiVersion": "2018-06-01",
			"properties": {
				"activities": [
					{
						"name": "Run HL7 Bronze Pipeline",
						"type": "DatabricksNotebook",
						"dependsOn": [
							{
								"activity": "LoadConfig",
								"dependencyConditions": [
									"Succeeded"
								]
							}
						],
						"policy": {
							"timeout": "7.00:00:00",
							"retry": 0,
							"retryIntervalInSeconds": 30,
							"secureOutput": false,
							"secureInput": false
						},
						"userProperties": [],
						"typeProperties": {
							"notebookPath": {
								"value": "/Repos/@{activity('LoadConfig').output.firstRow.repoFolder}/xlr-cs-pipeline/ADFEntryPoints/runHL7BronzePipelineFull",
								"type": "Expression"
							},
							"baseParameters": {
								"dbName": {
									"value": "@{activity('LoadConfig').output.firstRow.dbName}",
									"type": "Expression"
								},
								"tablePrefix": {
									"value": "@{activity('LoadConfig').output.firstRow.tablePrefix}",
									"type": "Expression"
								},
								"deltaFolder": {
									"value": "@{activity('LoadConfig').output.firstRow.deltaFolder}",
									"type": "Expression"
								},
								"ingressFolder": {
									"value": "@{activity('LoadConfig').output.firstRow.ingressFolder}",
									"type": "Expression"
								}
							}
						},
						"linkedServiceName": {
							"referenceName": "[parameters('XLR Databricks 2')]",
							"type": "LinkedServiceReference"
						}
					},
					{
						"name": "LoadConfig",
						"type": "Lookup",
						"dependsOn": [],
						"policy": {
							"timeout": "7.00:00:00",
							"retry": 0,
							"retryIntervalInSeconds": 30,
							"secureOutput": false,
							"secureInput": false
						},
						"userProperties": [],
						"typeProperties": {
							"source": {
								"type": "JsonSource",
								"storeSettings": {
									"type": "AzureBlobFSReadSettings",
									"recursive": true,
									"enablePartitionDiscovery": false
								},
								"formatSettings": {
									"type": "JsonReadSettings"
								}
							},
							"dataset": {
								"referenceName": "ConfigFile",
								"type": "DatasetReference"
							}
						}
					}
				],
				"folder": {
					"name": "Templates"
				},
				"annotations": []
			},
			"dependsOn": [
				"[concat(variables('factoryId'), '/datasets/ConfigFile')]"
			]
		},
		{
			"name": "[concat(parameters('factoryName'), '/ConfigFile')]",
			"type": "Microsoft.DataFactory/factories/datasets",
			"apiVersion": "2018-06-01",
			"properties": {
				"linkedServiceName": {
					"referenceName": "[parameters('EDAV_DataLake_Gen2')]",
					"type": "LinkedServiceReference"
				},
				"annotations": [],
				"type": "Json",
				"typeProperties": {
					"location": {
						"type": "AzureBlobFSLocation",
						"fileName": "config.json",
						"folderPath": "/config/",
						"fileSystem": {
							"value": "@pipeline().parameters.containerName",
							"type": "Expression"
						}
					}
				},
				"schema": {
					"type": "object",
					"properties": {
						"repoFolder": {
							"type": "string"
						},
						"dbName": {
							"type": "string"
						},
						"table_prefix": {
							"type": "string"
						},
						"ingressFolder": {
							"type": "string"
						},
						"mntDelta": {
							"type": "string"
						}
					}
				}
			},
			"dependsOn": []
		}
	]
}